"V1","V2"
-28.5861549035896,-4.1304776988108
56.1350788468154,-23.6413622272875
10.6250328537959,-65.8719113022174
-60.0512554242783,-32.628703785289
29.6058019385711,45.2122008008902
-70.3014455551428,14.5058969587205
-9.84285097762716,65.8940085345529
-32.127628227984,33.7305051048346
11.0534843415023,-45.2404035130738
48.7120320560221,-16.2250685280636
6.23618680095123,57.7208553044038
43.5513157447915,38.2226627930219
23.1482282369484,25.0625542224555
-15.4473814259951,24.813522136634
-69.745732219169,6.1458412429779
6.34854243005165,13.3767712745984
2.92391033771364,-50.6469571602528
42.0569980413401,59.3412547741599
18.9526014936836,-40.3424033583994
-37.0802623700415,-17.3096762448785
-13.3669850635817,46.4853346588624
-27.1520143574586,24.5332671299245
-64.9540334549582,-30.4759401219494
-40.6770995107156,25.9193175804575
50.9701700476226,-13.6999282827633
-23.6317749118591,11.0961173649777
20.3539226415989,49.6466191554177
-76.9336994684435,8.89581026717931
48.8084186867998,-37.4402183602855
27.9126901029157,-5.42208284237095
-7.29263623140115,-67.8274602672142
-45.6026646077975,-4.50427380777774
-19.2683760992072,81.8498691186616
-12.8657811574737,-44.6838431781905
1.74866964503504,-49.6867978579399
18.4939882092993,-42.0069083335922
-18.28219396948,-45.5775273648819
25.2354327904865,-50.7395219099654
-45.9889657680717,38.2715110800773
-14.2898643931332,-71.0645715336981
44.430973795636,-53.8709814056604
-44.6519295628434,-6.06759139436145
30.6033991300982,-70.2692516836283
55.6715849303648,32.6877075014912
48.8100877063674,-75.2005559109837
-46.0297284802599,-30.7188731823661
7.03283626224689,57.1549686491223
44.8406227081621,-53.1646340752919
-68.5594918640549,39.9392335756825
19.944094651959,-28.9396810940612
79.0852984972044,4.54214098540114
24.7114175386191,84.784960795948
-0.370707121574991,68.333049826356
-68.8823872563451,38.5316336826628
47.3130034505231,-2.00789636007585
36.2307157189285,-7.77915586183086
10.5166569403567,-65.470852793187
48.3226334937484,-38.8155762169817
17.8897607139642,-84.7752611317002
-48.0665623208005,-5.59011488511555
0.255480748506336,70.7780629842893
-28.0897050461166,23.5211072542227
-67.9153474842071,-24.6805676064492
-14.9579153937756,34.8610971763111
-30.834923421647,25.7341123404412
-69.1217684123282,7.78706170767367
54.4783332313048,30.6805206201613
75.492885679919,-8.10105980118303
30.1160312726652,-69.457954620099
-69.0957334805181,5.82991945384635
-7.62991114733009,-67.001875840319
-42.8113650501301,37.2416949904108
-11.634494001656,-50.2272748266117
15.7669596158297,40.0326626464994
-47.591349114337,-23.4164298176045
-6.54282580061149,25.3477757758015
25.8194794729011,-9.46909666054274
-17.1886929433211,-35.1864039565678
-35.369048924228,53.5206824373496
35.881046597762,-31.856637093946
-11.9721169889556,5.54185464467141
-27.5353994711237,-82.78794164561
34.5449316684987,71.1150808209365
10.2856056956856,57.8459705004357
63.86613113324,-1.16306501507962
-33.2015795954537,-33.2945705167247
-37.5007525268299,-21.1571062486992
-41.657393381698,25.6869618085446
-36.8877314114428,-5.13275425335692
-50.953246268122,-52.416917453955
-1.66070252117347,25.5866250296171
-17.5001623691219,-43.6337732153308
-59.1685261705357,-33.0177475768726
23.0266041922099,35.9409603699065
58.7811280345534,-53.7496834887826
1.79051848409425,9.63407213426558
31.7214884154555,3.34153844963783
9.60750160401647,57.614509315953
-37.1302145483396,-5.29200017247209
57.7641463171818,45.2375306310717
-47.8541218486089,-21.9041774734423
-26.5084699451344,43.7024420395528
57.8666297382491,38.2133080650108
-33.9212964823135,-67.7711004732112
54.4231977069902,50.4489305930459
32.0920972066445,32.651307380236
0.540158165284952,-28.6044493405704
-34.7102932007629,71.9898998716583
-55.4949342416463,44.9831661424931
25.7479597469069,5.46143000894623
56.6674819663891,-3.04645396994788
-45.6225041499822,38.6307604140469
3.89011015798739,-49.3908912800736
-44.7370940208794,-4.9421750510127
-29.4380305696069,37.4496185918172
45.9543945556234,-17.8927864905797
9.11718915311782,-66.8983572615814
-13.1576619857817,-50.9642627423191
-2.82655878268173,44.3392912832836
-14.4912308394049,53.265464921405
32.5093103828415,-27.6778332123012
10.6126644894692,60.9794029008959
-13.4414526169291,52.3557326473458
-11.2983802486812,-23.6339501333795
0.00822743411975022,23.7041558140772
4.00591110288934,38.7502786644997
11.0029023224741,61.6509088952052
40.9605195326494,-58.8650171618421
-5.49152465343186,-48.1172626992393
8.19009523861709,-45.8371897325721
-49.18674704584,6.07409750960056
-35.0337270643302,67.987447903819
22.683204038161,11.3506960116035
43.2118759674555,-25.6261574370183
-23.4726994452939,-28.222390910914
-29.3598180471148,-35.7224209533013
-5.67021488021571,31.4005460086884
-70.4200061917216,25.7041519531467
-76.9361370407113,8.4342211290087
-38.7063186184373,-38.9515922578108
23.9332184856086,-53.556511659885
-36.1497920162505,52.614798846982
-36.0290793228414,-4.79556481660113
11.8028807620164,-19.1447201205773
-12.1802346447775,38.6697688062384
-31.9222725837751,-11.5896951069846
-76.4314135992155,9.20834153205746
42.3565214844042,14.2682372060748
30.4461573845368,-70.1407784640133
-25.9833435469745,42.2012238692427
29.4695332452269,44.2012487792985
30.7767184138592,21.1751890142947
-27.7734106235777,26.9652362238925
-34.0247902789706,-19.1749255555496
-19.1381528779908,-2.0403468800079
-38.9854966278237,-36.211649751676
-47.977489039968,-6.54753515047073
16.0504649639504,23.1496407606759
-56.236538465465,28.5532724952995
23.4658401479967,-54.7904956720135
-13.0225122959431,0.57452252697332
-19.10170832388,-46.2352081954862
7.29772043641016,-60.8552287048174
-76.0582056028262,25.1508431937413
-30.0985733785374,47.608926957902
9.89122696131464,61.7814890154008
9.73768236434309,-66.6566160639546
-31.9245939839286,-37.0194629502513
-67.0316671114693,-25.1350853229322
-4.50366460626805,-31.7272242439299
78.6404814584917,5.31257186036216
-32.5153805776429,-35.9087523830027
26.5792789883763,-53.1809040003832
71.7368738252258,27.4620183602304
75.4854029751062,-7.75555714913107
-40.916862680168,25.4188172271028
55.3035604017167,-23.903124777528
-23.8946837203442,9.17053238066414
55.6644517558947,-24.6196538236558
37.403452729032,14.6213802158353
-43.2184057093533,43.388666236327
-66.1140899627692,36.7666333414056
-19.3921182217886,82.2716888910177
-70.2156941727251,7.50728164727791
14.6871214349035,-23.543672534369
-10.7339058667943,-43.2089151526519
-22.7600050692277,10.7586995831167
-23.8025606233856,11.5845806314926
-8.58574102327597,-27.4853190409291
27.4598815897574,-11.7637464314299
-4.4379206260554,30.0308391540043
-40.8916874696039,26.1722186938036
42.6740310180642,58.3505310194046
-17.7918501026074,87.6623824119368
-25.5390621762647,27.1727678283304
-29.5552002787906,37.7061701651496
-9.30941443758406,61.5880071817273
38.5181599480506,-7.47104878323771
1.0629891268517,45.5430213896645
48.2281874288153,-73.8011797023397
-54.1041068075538,17.6079864219392
76.3300527272133,-7.84248692233059
32.073297808151,20.9313183006986
56.3976563994706,-23.0204654116051
11.6339909380548,61.7345824764203
-45.8193167846914,37.9094998560889
24.9414741866513,84.7386358436859
10.6378853377487,17.833700640543
5.32845472591486,58.1604629024171
12.2321563240418,-64.3702520155488
36.8020303046814,-23.4277466977605
-57.1104741183129,27.8363648519564
56.2470687240879,30.9796386591025
-56.4972710148194,45.2216505187861
-57.7124456367557,43.831567687678
-35.1476937073756,-5.52541129304733
-9.3986617116496,62.1070072719674
-67.5639091942948,38.2940178174354
44.6202984850007,-53.7794555541126
-35.5917421500005,72.0246712520476
18.8940439312216,-64.6249573576912
49.5186380304037,-15.6992633841688
-8.33278100037035,-68.338492338899
-5.54594100730886,39.6232108956681
-32.0035788321219,15.5117144520653
-30.4835203247597,-63.6319216674798
-71.0809379677818,11.6364549238476
-16.0039033541597,24.3553856643438
-13.770136508493,-22.4858964813852
60.6432780266478,-52.5085588795356
26.0896833907473,-13.35763920967
17.6582331368163,-40.3983528294774
-36.7433519927312,-37.7631759782924
8.58940562146643,-42.2584416991434
34.9176578702763,-41.3066811158835
-45.7449392234424,-5.59731547983985
17.9361988108484,6.37496091664196
-68.8845666030533,38.8546228268984
-50.2930552681417,4.3478305584531
59.5693645751011,-53.3318309584952
14.2687637270542,39.7404118056767
59.0478120090715,-52.9134070616717
58.1674966212146,38.6685874917407
19.895941926058,6.05932268216294
62.1375760440823,-52.4172411239605
26.3279415917426,11.8484662161967
43.9864065036246,61.6935479249642
-45.972402973528,38.6517860120156
26.6068657956297,-46.6634315687628
0.815458965603365,69.5614509755977
-63.8561254661934,6.53722310778539
-5.45411924172924,-66.6627580249787
55.7943198835587,-25.2069261771708
-27.6324529821157,59.8039420443508
30.9607506143237,-67.8053420851169
-70.5465835797126,25.8346133500486
31.4409779809548,14.3067651613067
15.5707103758898,39.6268186315153
20.1499888636589,-7.8339220311902
66.9182596447402,11.9673090610748
-77.4718418359705,8.75443076962731
-12.4659552132922,-6.11872542026508
-24.218693435494,11.7175312381203
-0.902748978098693,-34.5184478439415
-32.8222016119515,14.752678473573
-56.7336672598734,44.6463606044506
-69.1743786653519,6.96176146738657
25.138983401322,17.8446500398849
0.765089065301146,-29.4762832776473
36.7711569199516,-24.3532444134551
-15.387605352869,-33.4664283622434
55.2430158637058,21.9337285470994
12.8664349608667,23.3214376071915
4.27591132962427,2.77889960514913
11.1683190152762,80.9785501081516
-15.3189854227718,-71.194510627276
-62.3294768306788,-32.7897592250098
-50.8843418556691,4.86775086458569
13.6210678037633,2.72090226895673
56.6449655985938,-5.12973538525776
27.8191147588185,63.2631825414409
-11.826369329856,-43.8326457703301
-31.840273785062,-60.7915375531259
-75.996149868125,25.2505034215608
31.0829631205164,-69.6588859426945
18.7839645550956,-86.9641612690757
33.8889232436919,-31.9811198007222
12.4472130460524,-42.9491531239342
-54.800166448422,28.7844000201586
5.363735215318,38.5153770271619
-68.3855354594107,-11.3475864502917
12.4569118055313,-32.4400945450383
29.9736503466295,-32.189768056698
12.1560823559897,80.4244586646952
-67.6888963123043,0.824240987460705
-26.2769355807513,12.6357867112397
13.636079809881,-22.9075696653304
-3.11133549259826,11.4471131986372
57.1760743846092,47.2755419328269
-8.37013591984551,-26.165054818368
-1.21343855809573,25.2713826495751
46.9781175466622,-3.4634648747499
-20.2570607257864,80.3237727419191
43.0090638914342,61.1009693897488
-31.236131309861,-11.7449794376228
-54.6104795625013,-51.5735578065375
33.6385703012914,-32.6955594980971
-18.9181042493501,-43.7467903916506
2.18490004029229,8.44702225128697
27.6173590712119,-47.0944671406873
11.2894671638428,61.8621024265522
-36.9686449354178,-36.9053393410177
-32.2484148892785,-62.4640687558713
10.9076878439212,79.4445271021729
19.9650240588554,-22.1807591994874
53.5794150144092,31.0679584139325
-29.9582288976549,-63.6608087144468
-34.4038033795567,13.794843150388
43.99555758339,-54.2133047627899
75.6348813538033,-7.22147811631628
62.862743908227,-6.83759505332761
-14.0242200999069,34.6052897245756
65.672460085807,12.1309612405001
-36.2668676097707,-15.6253958254431
4.85938271088232,-4.25130067931316
0.526908705047768,-51.3085742674822
-0.850123363846284,24.3094479955658
-10.7444174851803,63.8774298149991
50.6514576336938,23.614124931833
-13.8015347214857,52.2326388035242
-70.5653149227485,6.07718108344375
-29.5411198723274,38.4966464583972
21.5545378040509,-11.8610727956209
47.4390355133116,-3.98839383259549
42.27151977384,-58.9036046920126
-68.9717445468171,40.037000396521
72.3062498404336,27.7730681483949
-18.9527983382385,80.2766341350757
-29.8028304000765,-47.8605741685925
-35.3255193337169,-36.777498243597
-19.8876730744763,-49.0012165330305
-27.8043611982712,-84.6060461525384
-58.9381117045077,-18.4558110035881
-25.8929652481208,28.4587621792606
65.6752066562761,-1.31500252158193
48.5099666886474,21.3035248163598
-34.2588551647404,15.1047856384995
40.4596179792482,2.57410698215518
-46.2237426396194,37.1295726370802
-5.17071751253588,32.5832436304584
57.5911412129698,48.1840745644823
69.5821950744861,-24.7049461284201
-66.4033306344074,36.7831060152287
-10.0490471025548,80.4442569838976
78.0803466902974,5.27998431858905
-54.1562959831967,19.5111153152883
-79.1381989393256,-9.65832791314705
26.8363291664182,-52.3301258189888
-14.6427967205236,-28.4773433969574
10.548522269398,-19.5750689361758
63.077255306514,-2.10415636079587
3.76967201393984,56.6041629489358
-19.1982237073468,-48.3673432272785
88.5286389702933,16.7507956701418
76.3471083012404,-7.51104359285365
-48.8150516467702,-4.93733819683803
30.5082994054351,-33.091432135003
-16.1520584344711,23.0614594230138
8.95829208247447,43.5970940900998
6.0571093388759,57.1497615993806
-32.8586923556806,-37.021522889303
-24.3037437671301,-26.6014573636571
-41.0706694659687,-13.9001035441624
38.5208073479809,-8.16247588658054
1.53778834224658,-49.6495414872677
16.3109215531429,23.8242140867944
-20.0342149342029,81.4662939486376
60.3265799468811,-52.4090005743439
-36.965902212169,5.97287294947773
73.2689451619221,-24.6212944239587
-62.039509225662,-34.269741722035
1.69135699907854,-82.5187678940308
-70.6324637960385,8.26731573847307
-41.2136983891786,25.1582254864436
-29.8438429274174,-20.4943239021266
-40.6421771914546,36.7999838747776
29.5814579258327,33.710088416427
-36.5370285237973,67.6573621287097
0.876868595995423,-26.4865252006791
-51.1491479314394,-52.0377222244102
-43.4303228765712,42.1251066505482
-16.5332441496678,-34.4849695181787
-0.376731929856277,71.4318948780167
17.2753546096143,-42.1018772831989
-58.5963682235847,-33.5295527678691
36.7447322061051,-32.4652263347518
27.0581359517861,-51.0052318629207
65.2973184373592,11.7570764088186
-25.2206463917145,58.9741835556214
-13.4213428700386,6.25001158939211
75.2761935897343,-7.26238384808708
26.6464682924766,62.938602121587
6.7607576557315,-46.8404624525388
-67.6928753927913,-6.8984920008117
-9.73928632834215,62.2726920926092
35.5830050022153,-24.8359600792193
34.8264821611228,71.4162519989069
-56.5885072165526,45.5335858533841
43.2211020414611,-26.0165191857104
-28.7894030961088,-4.01482675513753
11.7592004747015,61.7802499184626
9.69473475128832,58.7465166803508
66.2217083871286,12.3524328421852
-6.05032319091508,32.8707745899557
21.4989056086565,-7.71362633799708
-41.5330453418317,-15.9081855568514
-16.0708104101663,22.8356525794381
-41.8939507859338,24.7838147432215
18.9045468890963,-88.7226887077402
10.8193071865158,-20.0302185514842
47.3616329582593,8.30235001463058
-22.6166877053645,-13.429039678504
44.139855646478,-52.2488568139468
31.5344962163793,20.9282519258987
33.3738526095679,63.1342030834287
6.59223103979702,-4.03212415333358
42.6582724981681,-54.8740042131646
43.3194735196767,-25.0896938158358
-32.3104860009346,27.0282384968539
57.0767972098361,48.2411094810078
74.603904601043,-8.01161756344048
46.7571114914072,-16.8876565116209
36.0644537986929,3.27927919509726
22.2977003940539,25.2008837144481
-61.9129447260787,-27.6546014364558
-38.7516198626375,9.96953166008817
-72.402956740817,-4.60831809691105
42.5821981697649,14.4514169635789
35.9311186085017,2.63579021338121
-70.2711166694796,24.7181620466922
33.6158664002826,33.762352186676
-55.8325536596212,57.9532314605581
-9.8500945957563,63.9250862168787
5.30183085140556,57.6022544412037
-14.1223560513257,5.3784553305269
78.9366334708607,5.51874583480005
-12.7816784021394,47.9708003774388
45.6785678136646,6.12402056271281
-4.06126040708735,21.7242455858442
2.3226978129748,-50.623420969312
21.1057817317577,39.7687169175904
7.58855601852461,-42.0688128006372
13.707323634392,16.9819501838966
-27.4977476848654,25.8439898132228
46.0649448633828,8.85366422426461
-47.7891093500495,-20.0953422079393
-14.80161220182,-14.9338501711464
59.6485900227795,-52.6951019836503
45.0186226427613,28.6101400584655
30.884997061089,-69.6007046580643
-56.2795472157272,45.1842379304371
-31.0878277288026,-33.1863570442623
-43.4115132018203,6.20493043533386
-73.2727059672027,25.3905828019233
3.36825205028606,-44.2815825208634
-12.1391616584125,-50.8879405909236
32.4146720840813,49.1420989949365
-48.6514031484735,11.7807738885127
62.6420635230042,-50.8928835652694
-42.8665524294235,43.2266046007612
3.69292201538041,-44.4708840714487
35.4019921803026,3.58557609396396
-47.5436816362932,-6.23589120968735
-14.911677004091,36.2977123182471
36.6365243766934,-24.6879354012621
38.5388295581145,-5.38328648932608
-0.0998619497425317,-33.461526336559
-42.6280781196179,13.3314023285619
28.9117485705134,0.409175596255031
31.5119414308559,-69.6255289378813
63.1149028085819,-2.08029232555275
1.196850568958,21.9688234690888
-77.2697920606396,25.0037667364206
10.3148178089792,-45.6032603528388
0.327377127952129,-82.8916911017698
-26.1857663296559,27.1580609034677
-31.7620463377577,32.9735542904377
45.7919904757616,8.70241453765392
47.6878854065706,8.93199534592276
-42.207500404141,7.75733052645741
-14.9504843767891,-71.1200742553152
11.8038580672297,7.99779099350646
-34.5124343965821,12.6614041845754
-16.0267295932027,25.0627785129881
-34.9674470881045,72.560742676163
-3.67527326332158,-23.8364427644551
-10.8589306046412,0.124068790553566
-9.65745515932666,65.2238485449647
41.7595553098153,-58.7256190557944
-20.7642196723543,82.4421315441469
-8.07287099832885,63.1275885984365
23.8426001069915,60.9453232589947
20.0487681457505,-22.558744371466
-68.738693278732,1.16745971636499
-28.2169610908001,58.9129528733376
-35.7929711815314,54.0914766295735
27.5596384701249,-53.5041261087016
26.5485488409106,20.8532384718845
2.07362787805052,-50.4758286045386
-2.98282135473809,28.2458917187152
14.9780076381134,24.9727969048147
36.0908866767626,-25.5069308600687
-52.5430600541434,53.6360670241693
25.9146187640893,5.99632671230176
10.5848644507557,-45.8250849406854
43.3472375345914,-24.9670137078514
-4.90768816411974,31.9749670255455
-79.3659230852318,-5.9896186000507
78.3085125520986,5.14669991753556
-6.69686526836137,-66.8366226731256
65.3479821225255,-37.0349298115677
-13.8566758288207,6.87984009932565
56.6516926689247,-3.10897758734107
-20.0320659188239,-48.1971900437262
57.781871372304,47.439879213856
-13.8924328222707,35.3059988069356
50.1684388917047,-37.6332589256935
-0.349896258304949,-33.0427204714573
1.97324716331943,19.2142538742273
-67.9984371565594,38.9371483246626
-11.421606753294,-11.569013000639
-29.4360587244925,-84.4159601628344
7.92979742019823,19.0712800214639
10.0813278870101,-19.3710934536313
-51.3319551482246,4.53853168125138
-26.9596286769773,27.5513304008942
5.45981881645697,4.81935864849878
15.749318389968,23.6855453942946
-11.7617807025068,46.4671127185651
47.7906178758344,27.993965234695
-3.34465610869781,41.895369583266
55.6762804483301,46.283395659493
42.7996015736835,13.6936558598208
-22.1146635934913,7.41513091121989
-11.4080237371072,0.93596433409244
23.0803413522341,-14.9334435915745
48.3773943357433,-15.7580599125386
35.2821665769805,19.525360241623
-68.6708735189222,-9.99882882886929
-61.5018314461169,-32.7973835110891
24.44117305935,86.3046494609091
3.51234929741641,2.90550006755616
53.8530194690416,51.0797168044794
10.30008191127,-32.9390755133903
59.8571648462089,-7.76036999257578
-0.515904388643055,-33.9156367879797
64.4289011412134,-37.2068976248613
-41.6641610100536,24.0333620377535
46.6355520092672,-54.5945605196892
45.7703958722585,-3.73843999646248
-44.2678561637383,12.5075712632837
-79.9437346398941,-7.4452572614443
33.5229319450557,-32.0973079758721
55.5984393625029,51.0953974902602
25.6387270485613,19.2613176823766
-39.5089332531111,-64.5565255916421
-36.5073036437003,-6.04552507775084
13.0108478887651,16.2917115780707
-35.8248097514766,54.1754543659846
-14.2816793023964,-53.703644670031
-26.3568238343546,44.517068396283
23.2368096233384,-15.4492812338094
13.7830694070883,31.2348026931874
33.2127302089209,48.2142283612341
30.4107513380211,20.7998723076043
-54.5802616504119,17.7900121908089
-76.9815619192406,9.49968174362631
-29.0802166604388,-3.81550484917523
11.4181393064777,80.0458374653211
17.5052642396352,-40.9717739081449
-3.45917577114149,-35.9891087940022
13.4853296112934,-17.3876019915694
-35.4976215221185,73.2668903580277
-71.6735596023236,13.8607024418664
27.9516003967568,62.6100728591702
-41.5588425019966,-36.743829132701
38.8247437521862,30.6451150612943
2.79511932678878,-14.5107657305205
30.8046086070418,31.8996990711395
-35.3986716039944,-23.6056613481141
-29.6045768511331,-32.8814816610148
71.3434420234486,-21.2806755524238
10.7898180732795,44.6913116252232
18.4409848348511,-88.3270511657668
-28.4793777704735,-21.8578181045918
-38.9028814728673,-62.4104532758645
-5.0058810758014,25.1355974630216
36.2967947069368,2.63141871938196
12.0834280254306,-47.1247418250103
0.767329053821533,69.3816229981699
10.569390760051,-47.1835931500782
11.0166041515374,-67.1179883522798
33.366078484943,71.25643552879
20.5781557886432,49.6513582404735
-42.8737388617633,12.7700164961672
-68.2850571447717,-8.97940975114397
-56.112567695419,29.256193079386
11.9368132525167,59.2835356020895
21.7087237662481,39.0050494735962
-28.9445927733184,47.8457460167279
47.5108192207449,-53.5733209287738
-61.8249136372635,-26.2583241789462
28.0728198996595,-46.4685457928702
48.0047291159113,-2.25046871615278
60.9941103103555,-53.5016380009275
-12.5377912059669,-45.4366120257302
-36.6533546193247,72.4298679895618
10.6654268731343,18.6594954137092
30.1189730047644,44.0729783049641
-29.7585186128142,6.13507963389664
-20.82892439525,13.2947682581578
4.42486997272871,38.4009010137785
39.8652000451561,-8.9053867899795
31.0214570772657,1.15735050903721
13.1812184496708,4.24411361139323
12.2110552241068,27.1686815187713
9.2141052051579,-1.8153556954034
-1.63634108753654,-46.7107267062265
7.75736339979471,12.1809317694071
21.612614852163,-55.8276409481966
-68.2273065928212,-6.83930998068123
10.0695039847242,-65.2910889572606
-20.1823249690011,-48.8913283474801
-14.3869630536642,-7.1307312592268
-34.9297214505851,54.2599427163952
46.2667352834318,4.72585672704485
47.5330833240649,9.33616773143745
16.7826839129907,19.6616942145583
28.9587210526953,1.86513022112
24.4135275027948,-10.2795476876779
-18.0776481445986,-40.5494057027289
-13.0039613428456,6.30462761512738
22.5406318702998,38.1179995439621
-46.629278948887,9.17490469836667
-28.4398697583714,-82.9497752789659
20.0818893318671,-4.02672741100872
43.7866653295023,-52.2660269794604
-9.81134534388623,0.996020525651057
-9.03986584173158,65.4836219030098
-31.0508822366076,33.4077775606576
-46.5964834273819,-5.45396599791798
50.9313265504226,-12.6010989060626
49.8003808277816,-38.0974936685682
66.0730697910451,12.4426965071704
16.51025040559,23.3095314428037
57.5619092075255,-4.02454816090698
8.96506252673983,44.0086452050577
46.8442733877129,9.13353374632223
-15.8067695541031,24.3379649819609
64.5263865050826,-57.7142583712587
1.54671537100678,-50.5660213512284
-23.0354827276943,-27.9461768360758
34.3619468957323,13.1853493146489
19.6770451815626,-7.31204642889487
-43.6978990103111,43.4156230861056
-65.1921549229055,-30.6417711651423
26.701796713097,-6.14463886044823
-62.2365157368161,-26.1087594048621
-7.33512583839024,-68.451067217191
-45.7836046933769,38.890227221346
6.63570708236455,28.4002192650134
5.47307385437285,35.1022096503803
19.4444157932659,-41.5552175893312
-16.5458711820848,-10.0533915292811
42.1506751493227,14.63946185681
48.1984476358212,8.71463992532945
-8.57844755338015,-2.88537970714824
55.6110563913249,49.8775198187651
70.3408769382104,-22.1063590315867
8.33691333774129,-4.75923004163386
-46.894211784021,-31.8142395312354
-53.9683008662316,-53.9207768423334
-54.2440587689069,18.8806933259898
-51.0806377528786,-18.9962503071931
-21.9674022942951,3.57802783776663
22.577891665498,-8.95845752558841
-21.6076985616457,81.8698463511247
39.5464214806154,30.1889749712733
32.2817384825466,15.7683357377962
32.1025013885823,-70.1877398958921
-11.0629802589241,5.4492436362139
-62.2816090481865,-27.552717271294
-69.8066326738618,-10.3882994310525
21.4049804562829,11.5224628304038
-60.9200001629095,-21.3486065834301
-23.9990237105561,32.606367772192
11.4655494079244,25.8060219299464
-0.367665132073675,-29.3098998268681
47.7426193382062,-73.4085966741891
-53.3695415116862,18.8378878059916
55.3417623237212,21.8171254633608
-1.57810103366745,48.011098402247
14.6306463110322,-23.4935794908662
-34.2529454362099,53.9474448303675
1.018430268427,-81.5979209614592
-67.1758103075473,-30.8374894405264
12.7307173411992,-19.6822037688206
41.7567301149441,-57.4118628128605
47.9140015794934,-75.0449352340915
0.739256720387445,-12.8251397358681
45.9260725843012,-3.34136175673286
48.4452738400068,-15.6204775192022
47.3027868668303,8.29493697745702
-12.165171090779,-44.9337185878556
12.7743148352249,8.60056145753605
-78.3044912664473,-9.24578689046307
15.4352235474669,25.0437288167389
64.5694909931552,-37.3401473443376
63.8193714773437,-1.87510568694139
-45.8179855007367,-23.6521531947522
-75.5809244366443,8.25638916011769
0.0907744179760531,9.6200648223641
11.3209060196841,26.9808762108094
45.0046388493111,41.6670850839298
9.98413234875625,-11.4952899914348
-1.91108822649235,19.9244565328623
35.7552423029894,-7.86004377522438
37.8908776500384,-25.0662668076996
22.432827834968,36.1586579089576
47.028696205759,23.0078114044503
43.7196246852263,41.9402685130703
-15.0883701224457,-8.98297108393291
8.36252246364311,7.13700192265466
25.7823580327254,5.04620748263365
22.198976326552,-9.82431601597391
-27.1481260245274,-84.1606722465257
22.0006256088845,-9.87622011360831
34.486156640502,-33.3125368655155
45.6416380609698,38.2859024555645
37.1558692507922,-24.6133788217981
59.6174038949764,38.6643668502457
-13.6406441112998,51.1658420427178
-10.4532914678374,65.4417239708724
-3.98581372903377,-35.4056163117027
-70.7339391801014,14.3721562004712
36.0235728869024,-10.6521537936386
-28.0022291830163,11.8727780795037
-30.8455829746127,35.5310134456743
25.7213892467117,-13.3713283524598
-45.803636807384,-34.4257501098823
46.8749939287137,5.98268018484091
0.551011825102235,40.5318481809306
-25.7372331079394,47.5172176163117
-44.636346719453,-15.2162193558426
1.86126586975736,44.611466401687
37.0555068330717,-24.5229279897071
47.0921220045889,-4.02235612681581
20.8210461291491,-30.6166733614436
16.0517964484806,24.0849684685934
6.02940835735419,35.3234578086509
-71.1086458963883,14.6539852486691
20.0680123384009,-4.32042374125107
-25.9935148836099,60.1352132518528
77.2561783150358,-7.34956918099633
13.1513640040963,-31.0589098091049
-30.0153934200532,35.4184181092288
-5.74466745568403,-66.4271860862229
-22.5290662776842,34.3257171346145
-76.8919373319065,25.3131656060628
32.6571373385074,-33.1568084451282
12.0713448461014,-42.7963919649604
-28.5275525172005,-48.1066861388919
59.8925612575683,38.825804589269
-13.3813554250006,6.03950378306231
-29.6183967280246,47.7859145624613
1.69216289032422,-11.8931761289489
71.0964359440083,-22.244319139669
41.5560976931678,-58.5333502731464
-12.57856813625,39.2565635340288
-13.6728646210948,-25.0362573760173
7.95892846518992,-61.7195803153259
33.1839103569584,61.98193141094
41.7610132539403,-57.1209957323704
22.0021080132711,37.1352133520383
-45.0908198969809,-34.338272183071
-31.1809812853341,-9.47954703238188
-31.8788524257309,26.9868852327235
46.7054519698173,-2.71459229009089
-5.44094723533875,-0.854199587473717
47.6488541999319,-3.90183591557343
30.9964614047448,-29.2526585852436
-34.2014013638493,-67.7202612461068
20.3814099864102,-22.7605807813463
21.4919153326442,-11.1943746305582
-35.7154559661006,72.1955211678363
-29.861916724153,-48.7991657540882
-16.3124934182757,25.0628865891612
8.0166071155698,-43.1846979160683
-49.4427448011466,-18.3442767687868
-36.1003057885264,-37.634665698144
46.7273808736091,-53.5289596096919
-32.1337076697619,-60.9056948227132
-19.6188731607884,14.2028624755177
-42.1721723883212,12.8644812810407
-14.858888815377,-28.7329451765567
-1.33164500820687,21.2778411842964
70.8782997501711,-20.8968549606584
-33.5915391032506,-26.8202955177421
18.7612848921604,-43.3327262627247
-9.30474480437659,-13.4958745273802
18.9290001728601,-65.1591601070271
-22.2051489750889,4.04236121014665
0.010345219326361,-22.4057180382662
35.1531053846276,41.1350018126565
-32.2903231372628,33.0019360787929
-46.018332218209,-32.3897562380755
-31.5191143558267,4.90954738560833
-4.88192960717262,25.499042389365
-17.1807155924273,23.2608214697701
-57.5335115230896,43.9198883961078
69.8434289915097,-24.2169082219015
29.8007549827043,-28.8480392292653
-27.267032750467,-26.8043304527072
32.6294507443583,47.7950977218434
-9.73094455506641,2.97014662128313
25.0130757067683,85.7203916237405
8.37134512626016,19.0465752639328
-32.0735753518525,-9.32417044026915
-16.5491575814981,-9.85573523320557
-22.5207312673588,-14.9277604934081
-22.4949027322141,-27.7833490564899
32.9491653464094,23.2310774455051
27.0006603891864,20.2952806448609
8.9901691053616,19.6602684527413
34.0401208060573,-9.51198100587317
23.3095481992689,85.8298125804866
-9.85294662397976,0.414134665487737
-54.3795680403151,-53.8004418528599
-17.054570886006,-35.7964044967919
-54.9438362986614,27.9844304287074
-58.1412243909903,43.3593528496483
4.70469201439439,-4.69385395378506
-11.6322845874169,-85.6735354826864
-11.5451864329391,-49.5075972426233
-69.0602400963831,-10.2093261188534
6.3664072863906,5.42913052190825
19.4723094655389,-64.9336102619135
56.4484045627309,47.5158453292457
-39.3527655572129,-38.2151214264451
35.1607857858923,-8.49516007074901
-5.86563237424247,-67.5512070952796
-23.0103484959597,-12.4247842813071
-28.918580687231,-83.581238400037
-45.4711545223175,38.3324680857952
33.0648727696174,49.275545667887
-56.9125383168648,27.9423739917412
-25.0339874747619,45.8189976003779
-35.498656609613,-24.772441580761
9.22446934441412,58.8121182895261
-35.1784858128367,14.7660593954985
33.0707030673487,-10.3863858077842
0.334337060222186,-27.9191178951414
24.897371302266,25.9621579888553
-54.0065691328989,-51.561699973301
-69.7827404157677,24.1829643484442
10.7899128402396,43.246392637194
26.515306671468,11.3504371271506
10.5753706349801,55.5240555844488
-5.02520963302295,-35.9868741229908
2.98210309436583,8.21258193443959
-67.9456518970462,-7.82862375331124
2.07961866836917,-12.6061513875801
30.3259219019325,-70.8358055029188
-11.9135748476003,64.0724570707555
-2.19314080609249,9.95648926929973
-34.2547614428095,13.1527159255786
1.59248931347908,23.4667626708801
13.6713721690995,-23.8292734455746
11.3093072533071,78.6521498979668
-23.5078014180646,-14.0868616245219
26.9741488015569,-36.8113955635535
65.8429126264109,-36.9795686804619
-28.5175070732483,-83.3444428249959
-26.5354746012172,-23.8507447805019
-12.8838661976321,45.8930181731996
4.5912049591287,3.1337575576027
-6.438286744721,39.9620551727629
32.2476019213768,62.1941892578253
11.3941403609663,-20.5435770673181
26.9156062090918,-5.27316507632256
61.6903578408489,-8.31288747078639
3.28511371780347,-13.8555318258971
0.0518562033855157,42.287641881122
-8.93309947913258,-27.3811404343179
-16.0452625270414,-71.4245082364905
-41.9519299093332,39.0182626740904
41.5932784658494,57.8177835094362
32.0444026023371,3.50574728625966
-13.181555293826,-54.3277271215583
46.1279146103957,21.8955605757442
-7.8223043824375,-15.106988217484
-22.3527047417896,-11.9468079516687
58.6716502811747,36.9155141393222
-5.26596025873767,-35.713587408933
-5.34075210350246,24.8677366205727
26.1970884077278,18.7932297989138
1.33543535426201,72.597578261511
-40.8455766574698,42.1854958420296
4.80373092391116,35.3875198091851
66.1908606955006,12.0499009507721
-79.0656202890712,-5.89125909975762
71.4298446738803,-21.2601320940586
-30.6344476307489,37.598069360431
64.1173097508138,-1.71873461798188
62.713646334414,-52.4894649844175
-33.6783809680889,-26.5660834150508
9.9153346626763,-11.3487114198877
-4.29032842205138,42.5535320604004
2.22471528174175,-15.1676698422908
19.1372335956255,5.72024760513768
49.1159635942291,-35.3980049711673
17.9574173556062,-42.0268857785275
31.2729763000123,29.8464304436277
-13.9711016558926,-69.5858946097948
-45.8715765288361,-32.0918177570736
-5.40672558695603,-0.297054943371317
39.7465749096281,31.2483735811612
76.6223631628329,5.78944895415962
0.0914514550927575,22.354307721362
-30.5830937727663,9.12365684656884
57.101663455091,23.0865734460373
11.6752689680487,26.7220991571949
59.142254563542,38.4496101192865
-0.24689411446423,-83.8505980460455
-15.2892552890881,-28.6428177000624
-10.6345123759206,1.84837405137612
-13.7922731091059,38.6204730099999
-41.5416542148814,-14.7658600394023
-12.5040187367308,-84.5647826364307
6.77028480982448,-4.07330215548848
19.5723227105616,-63.5206512780871
-23.3736227497802,-9.64874888384512
44.340714362977,42.1704701612706
-13.072144940441,46.5176797913578
9.3744270176599,-2.95221888041867
34.2812622899602,19.8439686295585
72.4384401814224,26.5114067005814
28.5634348794759,30.4693536834659
-42.2476761956964,6.70538532744987
10.0022724101708,-67.1648158192917
32.4915309626396,33.970184253376
-3.9636937121852,-36.0025326641401
-18.1535047919332,-40.4154315520084
54.3375490396884,21.6669546391226
43.3540606710684,28.8554242762604
47.4421632251625,-3.07300087020848
32.6774012166887,33.9660245078114
-36.2899415731306,14.579456986682
-1.96990040598865,10.505308529946
26.2946146857899,-51.7592649519332
8.05737560519149,-66.0312180511645
5.65681302021465,14.9956714446869
-11.1612625732601,-49.6953659122932
-14.1085070366762,6.80838363062958
54.7384054921812,31.4788309517949
-20.9607723109162,81.0181448109192
24.0801179758172,-15.0787171036421
-35.2476860932437,-5.28268132476587
-37.5209026762497,-15.9575591903474
23.3981327712206,-13.9730112656294
0.526295244329777,-33.7691594361388
-54.2192002590297,-53.7932713752683
-7.67783784824548,-1.46153556477099
0.606102539040289,-83.1427844695252
30.5528022184554,0.373499950626757
-51.9898511042744,55.0922677360919
-4.08077216789024,23.5156851884255
-43.1839994152013,42.1962299178314
-61.7383542510626,12.6751345546046
-31.9079530820267,-65.7670046785275
19.4916209023891,-0.888441332500337
-39.0015790011966,-38.4800448282665
10.0893453861767,-20.4858505479597
3.51361620423298,2.00210766115767
-13.9755100697841,5.73094144203762
-0.878185670715219,41.5009600630198
0.218362917350961,-81.9296234841382
-56.7595356479622,-54.5888630354572
14.6522888825227,4.44668034292817
-15.4789960711961,-19.018291177465
-19.0576644078679,81.7678133947427
24.2296324008521,61.5211219573391
66.2210508159827,11.0575205777775
-14.4141559930959,-15.3799267997774
4.31424204962337,55.829865248171
-22.2803074212352,11.3587026295643
-42.6744309972043,-23.3027718103359
34.2209460331235,-7.00937611202365
-27.3587059106191,25.8584470380067
31.4983424351658,41.6989910110618
18.4084871079262,18.2787182671172
34.2386407117501,3.85175685509216
43.5195872653437,37.2685200108336
10.1958779650069,-31.3275789723212
29.4393994454627,14.1015572516637
25.8561514241312,-12.0159585399269
-12.7376882195738,-22.9883178354858
25.567790664496,-50.7544074745671
14.129830360046,30.1711087418199
62.150810937073,-7.78952808931676
12.9326773987784,27.8227889230169
-33.1334234679131,-37.1432014415645
-26.8339455259343,13.7940303117722
8.26457907869994,-2.68730647930116
44.280971072716,27.3952787612482
-28.4128091938956,25.9151877680545
32.3850176906939,49.0059641654146
25.1132955058309,18.3912259861238
18.4471612554067,-1.89289467246338
-68.9503022325645,-9.39817843282538
-78.8173808709361,-6.67019515288702
-6.94878158352111,-67.7638560333599
-35.4731881416399,71.0249404123905
5.4181709466303,4.36178726689206
-4.16009394831895,11.2077990767459
22.1639291490621,-11.3249786933335
-28.0084630106562,-20.4382723050868
37.8820675832266,-25.3367609413737
-62.343668235399,-33.2839241167177
43.1631740911261,29.1010975127825
57.6698613973877,-4.22002118191425
-15.9291873336087,25.5819654800958
51.2798037819599,-12.733714882107
61.4612464747466,-50.0077625153509
41.7176882471228,-56.2286694257309
-31.2050099255506,-9.55301851560214
-16.2264941410458,-71.1264396749386
33.717430004706,70.628817953365
-69.0745807389788,-7.49615335498582
-11.7215807851473,-5.86074881840296
-37.2658115034326,5.99156934932956
-0.121419948398471,-28.7311849382492
-6.62058230884612,-63.0785944704111
-7.9750264761839,-64.8388777445741
55.1098128441022,31.8159798481177
-18.5982912299069,-40.8809999369782
-40.6866470126468,39.3547100951326
-37.8039927002669,-16.4015781921741
-78.6918482098053,-6.57008145110219
42.0469514832224,-55.9532711972668
37.1643854594859,18.8227790246331
-30.7293256587377,-36.6391052619726
42.553988502723,-25.557361159185
-4.88096869691509,-67.806397301724
6.48224403689977,14.1886906502716
20.7404671413589,-25.4646320076937
-18.2718350514318,-45.4954047681214
33.2155720965437,49.2467213188001
2.66362394365695,37.4597285294282
3.66917342325917,35.6783062683667
25.1187298587894,61.3648582299899
-37.6421181391381,-22.5719028412977
41.9580142009375,58.3477272302398
-15.09903532415,-70.8544663886521
47.5067514798258,-74.6659450765553
33.2611497790819,43.1191010011199
-34.8213426779663,53.2465241772618
6.11026052054051,13.6098077732041
11.0584452883743,18.2160879251363
10.6886323307393,44.0080327590259
26.614088444415,18.8068091914061
-14.6365949529452,-53.7372386537028
35.1758236465498,-42.6358736806275
35.5442954809053,-40.6163903596661
-5.71117400547227,-12.0205311926093
60.0172724052584,37.0488367416944
-48.7338694161836,-19.892619236674
-76.786376055863,9.30680730006682
-8.12403163075581,-62.3988857791989
11.2475961241411,-4.99773562239733
-75.731887765361,26.1956611477608
47.9050721582537,-52.9328669552908
-5.90264876040508,40.6680407265115
20.3019128330043,-25.8476965485448
66.4408604571971,11.6756169204454
-43.2099230490852,6.83174991594819
-10.2605139950582,2.28195279485598
19.5856416970401,-0.869323178878368
-79.9607161442326,-8.29748933500252
11.2619588407492,27.4745612781656
0.844373894721067,-12.4988699516896
-25.9715883634818,46.5805144436416
-8.64760353364293,63.0205947721733
-70.4756088579562,13.9660042433385
21.5542078112618,-4.22847396277025
62.9591329277852,-37.3763846176399
79.2243919741254,3.93458977147615
-62.9138771812385,14.3685606114595
46.4463175746826,-16.4413650095971
-25.6052724735086,43.3882991352301
32.4061462376316,13.6175532585041
31.8542638648985,-69.0682268201702
8.80881054139699,-46.7479702819511
-13.0988299681442,-20.4104244887043
-5.82990335591625,-34.6662766236346
70.7129120607401,-21.9871301923981
-54.3008246552297,17.9406766011796
47.2207458565381,9.41854589485227
70.5480336977221,-20.533715521159
0.771461355227718,-30.0503101435539
-70.4936143064278,13.7717602160122
13.6440110380919,2.73336110864868
32.2220242366166,-29.452593006488
-38.4486094204031,-21.5338633555691
-36.1577841045685,15.4674410852342
71.0372278744246,27.0893743242011
10.1288811696397,45.3321493672286
-10.7541872827877,80.0485394755061
78.1222206061881,3.99777601725642
-43.8406387947591,-37.2925240226624
31.8558071802352,13.2493353876013
7.35612645595405,-4.54335550077102
40.9058847535022,30.6297701568583
42.9138527043343,59.3746706294763
-39.81300670713,-36.6770125793907
-46.0990333341523,-32.9613740010249
-14.8153516892241,-70.398782337604
-69.0499728744672,6.71762622653524
-79.497650764671,-6.66874107520031
58.7715697996185,37.3513090436211
-32.4075559633858,-27.8899675449726
14.3724444587432,30.5513096371962
3.18631028499403,20.4967046342763
47.1663793742628,-2.63936301298643
27.5718787006426,11.3055183581549
-40.6893018379844,-14.7379014011429
-24.2370934685377,-27.0581935253855
36.2910162297543,14.4973811363195
-6.30518053653917,-35.0656817702404
34.6951944861276,-0.0333354046004614
11.2767684130384,43.9586623216778
-53.1168361303831,27.4520436438489
39.2670251257573,-6.00260639305199
-4.76048858413724,21.7340106034462
-56.2432784671373,27.5780802978164
-43.0693480435124,-37.155398308384
-69.9715037150659,25.7833273320362
-14.2973843755615,3.2536912787982
-55.407533974801,57.6908660404113
-4.39251265528041,23.0411003844655
26.7739203913438,-52.5749438734792
15.8753419314316,25.1521437487509
-29.2689453012512,-20.337448266651
-27.5241883134609,58.9555041692534
36.2399353420423,1.94451439655564
-36.7142949068369,-23.7199692627308
35.8135192530564,13.4855212652488
32.9695851753112,69.6399227597611
64.829161622293,-57.5015911268011
-49.0296913037843,-21.2968493636769
-41.189671295796,26.6189855410223
-18.4798407533506,-20.5675100392416
47.920824851383,-52.123568512653
-43.4638987301387,7.38256530010949
-2.93152164507463,22.6694385079147
-16.9776854540759,87.8568840430703
64.2468217044339,-37.1709244758482
34.3904996287222,34.8924754797725
16.1924236520107,8.38853253660906
5.06003538443874,6.54511337213413
-21.652496678871,5.82978455098251
20.6050390979675,-8.00231404069188
43.4702726809316,37.7329680832079
54.8528220522768,22.1904812270731
-18.5251334613651,6.78154232133973
40.9992697235761,-54.7182335153639
-11.7710030149367,-44.81842370043
-17.1992212635555,1.65743492919041
-50.2457896970286,-19.8378616553258
-11.3947470421885,-20.7540611755336
-13.9398671197683,-54.8355750672401
23.988299883184,-54.1022147926978
31.3932071056963,44.6711517232561
-26.5224707593673,47.4702168627512
62.3937563053617,-52.7192792640574
30.1897051717709,-33.5802884827982
-32.5167543063849,-20.3638625130489
-8.34566032513122,-7.39829107582607
48.3165307426106,-36.8748913731638
69.7401233976861,-18.6206468577218
76.7697241741127,5.6624206794978
-47.8178386223262,6.4542234690774
9.18724615529952,-68.1223151176359
-26.9394679592825,-22.8781354002727
-28.1816517572018,-82.5697732626326
-46.5984636776025,7.40578043845049
20.5627988463048,50.9371170727143
28.0423153768351,-52.5493946147439
-64.9079121645378,-26.2628541147453
43.5016630009001,59.8987899224035
37.7433918197496,-24.6254224035849
-39.3236843382066,38.5576944470475
20.3935436264524,-29.8241960647671
-62.3645804864038,-27.564329285253
1.16150581446455,1.86910940323102
17.0534504055619,6.18349565938573
43.2091287369667,-26.5746379379165
-47.1227227675881,-20.7140548338556
58.2806810741572,48.8659992850939
30.8682638672137,22.1407169259057
-24.56787111421,-27.7664679226239
-36.9189652542423,-16.1133125047319
-50.7100473723277,6.10437362246772
0.33321144787433,-82.0273360661175
-37.1799733086435,-21.2384979275777
-7.96280845731389,-66.6887274339366
-69.8523345525384,7.06281771593886
12.5877128914493,26.3564712489166
-47.0810283791113,-14.9966984061381
18.6431292137483,-24.5764751047558
49.7990764276524,-38.5004418757599
58.1536286495786,45.674333244218
31.551787476987,22.7154504367771
10.639423485675,-31.9482473945171
9.91679740779823,-30.9294058713682
9.75895489956915,18.7251318734201
20.2937440084452,50.5572365574428
-56.1874860930897,58.4403460425823
-55.9249098682937,58.8312448877326
27.3355142751364,-8.64927421219306
11.2198094981984,57.4151129659864
-13.838255320205,-0.262728242515638
23.0571239038088,19.3472405110248
-34.1171607130554,8.76261230332949
-4.32375629517759,-70.7753374215
13.488086436733,43.3114884149858
10.9427729278476,-18.7074819805532
23.8735600340223,61.4693840296337
9.4055396101813,11.8277194107305
54.9423904504034,-22.5693910875347
20.6273040212719,36.5896575161698
-52.9338883903281,-51.9731856065858
-54.3657619864447,-54.248445422202
-37.9340939830429,-39.2793549403471
-65.200551234553,-30.5614926609239
18.3890496435609,-85.0121238951683
21.5467452892904,-10.8202713282749
-30.7824112725779,-37.1409808413256
33.5912479785318,70.8325928571397
-42.8523666434406,-23.7229911350613
50.3093985126044,-13.6380735317216
-2.45890891062055,-47.9357323284763
-52.4793559654881,53.4754903499741
-20.2719534846564,-2.24490709219307
-53.3639119111703,-50.2034979715615
10.8098606609433,56.5995522364503
19.5194930408414,-1.62832258340815
13.3798781003743,31.6037372263058
10.4002297543521,56.1676382287215
-35.0342980501174,3.92554363355041
35.7720340682585,-9.97183523129898
-33.2323503914484,-20.1217325809236
-12.9275998937455,-85.8518831446439
-6.92669172093793,-34.9153006986369
-50.0640656178296,5.04263073005469
-11.3050802236519,-6.70423585514777
32.9416140258261,13.6111879710575
-17.5653739682478,9.10768300284094
-16.0521839444061,3.12922787732616
4.45571750888594,-1.4596416321481
31.0748014744703,30.4540310901736
48.7459363326087,-37.9371017655767
53.9179785594129,23.0851918390212
-49.3606573582135,-19.8036030820694
19.882999791209,50.0159104824072
33.9853484026363,0.86511380771554
11.7075712006941,18.6973397141647
11.1206427509869,80.4428481903484
-1.24239605384444,47.3990897590996
36.9288147376689,-25.0084614266989
65.7758212457424,-38.3163692395346
-30.4224308393799,-36.6808581250579
19.1618989281751,-6.54641818065821
-32.8954231262626,32.494013156339
-15.6357612066744,25.375532279629
71.8412329493008,-21.4683517326095
-13.4818591783997,-22.6169728193937
0.956549395368339,72.3669065899231
-5.07490270613854,-10.6116594123586
-18.4911621714127,-52.9805189638011
-54.2949276114658,-52.2200807266598
24.0408483725193,-9.24706744085054
-69.36149511448,6.19848165335167
-4.59681648942949,-35.8261692206938
-36.3087623883635,-24.2803951579751
-12.8247547912325,0.766178752308094
-14.811790256949,-0.965457003252009
-39.0904687420936,-62.716474507803
65.7002103590907,-37.7217730192084
-39.0742556903873,5.08079580366235
-55.5153412224833,29.5335000431363
11.1885473205037,-18.6232116063344
-4.25236728357315,44.5110688443997
-40.4248022685301,40.7684482379828
63.7203105599756,-2.36528236342736
40.2687933599758,1.89402018020465
34.5502990245687,70.8602844986992
42.2256175771518,3.9302512793652
11.3933881571524,-42.9887164513894
40.7217189106883,1.37281983432955
11.7736443484132,-18.1583724850934
18.7379866810542,-88.434179352149
77.7386956880505,4.2076232671252
47.7567410313646,26.6281291361446
-10.6837975782832,80.0746761648037
48.0847347750362,27.1991644995292
7.18910683973206,35.9461553121476
17.6406542445003,-24.7747604833097
71.872551377777,26.3759897944119
-16.4969676947133,88.0465336291339
56.6108958222805,22.4988593052081
-10.2362336129347,79.4990019613765
-12.1923210192562,-44.6332498974221
-70.6427631578176,7.148621984412
-55.2515544432167,28.2582186247565
-6.98634602421606,-14.2468914488408
-26.821024440846,26.6711903985322
45.4850630880254,6.68513361790131
-38.9416796584909,10.3176267065899
-43.8029998167478,-5.3962718932555
-20.1020498107988,80.7216013542239
74.1648998560014,-24.3664456845182
-34.5263738747649,14.2709528493665
66.7291134079842,12.6295554874954
-68.8705390613992,5.96218429570777
49.3656096953013,-37.7193655755265
-77.4154510227779,25.5492944766888
-79.1722789380934,-8.50100916555478
25.8263556891881,5.54334783212801
46.7803343684116,-1.77782685486877
-79.9774764972202,-7.5567209037379
-52.5847552354774,53.7271999524371
-53.983258536603,-53.6691689713024
20.7761921533759,36.3623199730206
37.2011209966216,-23.9995187178291
-53.5273635638499,53.8508237033067
33.3332175511646,-0.317212616206891
12.6787434792891,15.8932149585233
-5.7927177074717,-11.3865347781293
34.9289577008647,1.25185330940794
-49.7038986180198,6.41889347619206
35.7938846647404,-6.20058824415695
-12.2171399495681,-21.1998396595826
-0.0851288343209473,-30.8797247203215
9.62045173176961,-66.586759834008
16.4250456382158,19.681688643188
32.0448668105063,-71.0370115723119
-40.7189488221736,-14.9685693385879
68.024320855818,-20.0403016862303
-26.6075598148771,58.5027268966541
1.21202970470916,-50.9556767471902
-16.1499378952435,1.98356664780652
-11.8291683211719,-50.4396881745209
-6.11579586572304,-14.6850933874026
17.548456328492,-85.2144236318978
20.2798625631841,-23.2675432244253
-22.2640684025716,-28.3727667796195
19.8033342904402,-23.0201755275762
58.4462489710095,23.1098962059291
24.6457253176694,-15.3482851959623
59.4871392461739,39.0305477745887
13.7913562512669,39.5912714719138
-35.7074213960042,72.0904291312821
32.6919688046372,13.2137768715029
31.5220861986599,13.1604437412839
6.03511077407674,34.5338373127354
-46.4215878497507,-30.739151758692
45.7928935607729,10.0368965788333
15.9296781835735,5.37920060731179
-28.3738871600701,25.9313931433641
-17.5909431330039,-20.6980448514493
19.1004468556566,-6.94731232897188
4.84144133784552,38.9305352281762
-35.985819660989,15.7824976388855
-40.3872620452991,-40.4565677046669
34.7390079023144,-1.51232683460762
-67.8919125455925,-25.8418087388982
55.5173433893808,-24.396423385889
-19.1088977338566,-47.8834639418632
33.8305483815113,71.2155091709153
32.025841227997,47.8228986880677
43.1517937525551,36.5001647917728
12.316789084175,-16.8899823174715
3.47440088299513,55.6643717744268
-30.0450263870215,12.2165833237419
-13.9626028039269,-70.838197079795
-32.9056781159218,-61.0864074437903
-69.115700099304,39.6466775776313
-49.7370487116946,-19.5889655983081
-17.2922880569596,86.4423953568225
-15.4925253014559,-7.93446329098022
53.781852467889,21.9397830750685
-54.8738595394525,-54.0714302765899
5.89787906905611,35.5507673756632
-13.1873113753268,37.3636886550768
-47.3657596996075,-33.2159911431763
-27.3932608507886,-27.0180220288218
-29.7694287306659,7.2342085118113
-17.0904969371999,-35.7157410047268
78.416740119577,5.42353832549345
9.24354447199175,17.6826447248392
47.6902517614263,5.12670406031443
42.1665213917638,39.4907823218508
43.0412811888541,1.26332029918976
-54.8550498922577,57.353111214783
-11.7635622551665,-13.287171293479
-28.3544472246424,-37.3944405961125
-34.9821125257586,54.3447096146019
26.5532549803558,12.386512450255
-18.3518973106354,-18.4940299774871
-39.1043292028922,36.9857404183642
66.2075430112848,-37.6480631784972
-35.8605337174298,-5.70532594658205
-2.82066742251357,44.0939771592164
-27.9927744383702,27.0616547959958
64.0421622642312,-58.0541745673692
19.0920705468862,-5.05010656070504
-9.26467721550466,-10.8432934357846
-7.04070307020504,-35.9461147854912
50.8599290277754,23.2278829068833
88.8534760255583,16.0862824561745
48.3305257903951,-2.77294075160997
-31.6236557181867,34.4531157018857
8.96997014751017,-2.68479693035031
-7.57209176539822,32.049735662132
-33.3850992093741,-36.1948283304217
-7.70849844408474,-14.9170549528646
-16.8528501862825,-31.6622111139567
33.4673237004101,0.0113539321370979
14.5354603985984,41.7226572532971
1.38608846118096,68.8435372213593
-31.3726668767136,-49.8795046869147
56.0644175849548,-22.7206711324737
-36.2526094463641,-24.3212246576838
21.6534284955599,-23.2330537764314
31.8728377071387,23.2264325355848
-25.9984527170537,45.7902128943963
-50.3760388396816,4.91361092938922
-2.86920559656514,31.0661538966336
27.7007724379892,-6.89202466502896
-11.0645457184584,-69.4152965489906
-31.7885106716129,-28.9653853056939
-31.9829027531082,-60.6735399658737
-35.4295731089412,13.4382891663908
47.3887440787574,9.36436092163011
56.7870332062671,21.9690870463786
62.7631991184699,-6.46005632465283
54.4727691110448,21.7551864703185
-33.0318414630247,-61.6923090259482
-34.3889347596111,8.36291140088851
-18.1937497544711,8.37149569609264
-21.2254231150633,-15.6322593712974
-16.6372179837844,-70.8065271348382
23.6046656002901,-10.3679833108967
60.8313520855171,-9.0917728297626
30.424614435391,1.72800515825063
-67.576012333869,-6.01640639807945
22.1023460562031,31.2262822803014
-2.66054727331173,44.3978316142134
-28.7177658432295,-20.6261270843346
-40.2128527981707,-38.7475422256416
-13.563856169976,52.898666039571
-49.543329106434,-5.41142961236403
-7.19949845940305,-1.63167198823165
-6.41601970066619,-32.1167144109362
11.8558922475019,-43.909891715585
-0.812631411081117,25.5913232072189
-4.15283672913638,-67.0218949823842
-22.3368084849339,-15.0332298419278
10.6203886484479,-18.5070342384875
-79.1285636268661,-6.13963248960529
-15.0314110190326,23.8591984068389
-13.8288607383129,-69.9694475264536
32.3393538516063,49.3808182441059
-5.92540127152484,-33.3213443464644
-7.07769875959463,0.217776941410129
6.43218536704461,-61.9217046323858
63.7846538460671,-2.62061968748937
-36.735129861222,72.3464809588848
-29.233153411946,6.38827584565608
1.11754878868274,10.8241428517089
14.4184672192245,41.3813965673369
0.100777299804823,40.1742720010371
17.778802528088,-1.38536097407726
-66.5572111494018,-24.6284690035474
-17.6142344414731,-35.336700483397
10.6145000132186,-66.8162093184046
7.68727894031209,-42.7635494299659
-5.50046117414245,-14.0004254904696
36.7958724463464,-9.15077493792098
-33.6450334658575,-28.4400101718426
16.0409882654825,-43.3248140635993
-4.49700785401633,-24.1067109243606
-13.7834539344652,-21.9346811330214
-12.8748712415762,-50.2795923066978
-56.2740082719051,-54.4166377169276
-11.1964734381253,5.21548989608759
57.2847439210876,48.859658201994
-31.2021747925383,-35.6625722522649
-17.6543634739296,86.2251861778144
63.3523868372323,-7.88128951694892
-43.3512528145964,5.9589807782941
26.3986911928765,-53.1393594113711
-35.5667281106321,68.3899950043854
18.3091965850703,-43.130652231097
-70.0878138186805,-6.63018288614606
-25.4065574408742,9.72248955733374
64.2873197827331,-58.3426130860521
10.3985493558422,-32.2966318100312
-6.0329880636939,-11.814404260391
9.85633860543418,6.33551240998856
-9.35749288637544,62.6531376057685
12.1571705918809,-19.4897444321022
-20.2579721801973,8.02965855061048
88.6125132401675,15.047359761675
-44.910893217775,38.093753005056
26.6127310650529,-51.7234200398382
2.27384366219037,-51.2237016066832
-45.100352900331,-28.7169588403018
-1.22698763706753,26.4924078733254
-5.82757458904792,-67.0698526911082
-46.7203201199113,-30.91528081127
42.8610030537561,56.5369566891872
-9.6414400967727,-17.502781553849
-13.2780012089751,-86.50407065589
30.6665566534408,-69.0943443814206
13.3736936551772,4.4675095849718
-46.5798688575923,-5.91060567565096
-12.3481581690532,-4.68430004808526
-46.4753615638548,36.5049505110533
12.7913205761886,-15.7330905130628
42.5427447997713,39.7425822291781
-43.8090133804035,6.5923454143764
-6.16078786529251,-32.1652747701933
41.9004775452705,59.0967196468662
-4.04007754770351,20.7965257596185
30.5149351837502,29.5427077465642
34.485114891506,22.969640989416
23.7927212863079,-4.83399629927988
-62.1215322020861,-34.0041775429955
-36.4068184706385,13.375474535214
-53.0001220843529,-50.0311469442308
-63.945967885103,-25.7701219788256
23.0082158402989,62.6358020072024
79.1673180983222,7.32993545906695
-5.39978984173281,-47.4617610442141
26.2539188217193,-5.58721179856211
36.7808308117002,14.1173683332635
3.87311490701671,20.8431117311921
19.6408956128277,-41.9242641467046
-21.2539849403389,-46.9155522763066
2.89580631344262,5.6838402691142
-25.7833933124638,41.6046322644058
-13.8726773075574,34.4230414898431
21.9512207417639,31.40921052376
29.922772681996,15.2183406773818
-47.5946464692606,-5.06355574319636
-37.345428913405,-6.52202521889717
-14.6869421206885,35.439144301045
-45.0502317301139,-35.234972430681
21.7414145174117,36.9391443607265
31.3947982546776,-71.1298989135818
-54.4801017995515,-53.8608560822482
-9.43497137347071,-1.3407305825428
55.0689470775386,32.0531074291728
34.6518571727188,42.5257972145949
-13.5503867360463,-85.2644981393506
-45.224113682364,-22.6703938037294
11.4150032873765,43.9496266113998
-30.5742554284228,-35.5733317070088
33.7182541726273,35.0432744659715
-55.8880393460147,28.3859061302222
17.9799715593104,24.3850800375229
-38.1391434048715,-63.0654194973641
6.83566419405678,35.7166602739577
-43.3704157780522,13.6619363201597
-9.59671883106655,3.05009252932951
38.4896983707727,29.1677810644431
-8.39364305381129,-12.1688624305569
-35.3748582011691,4.16201052966491
69.7259169458654,-24.921478415695
-12.5408537189746,65.8931498710286
33.4041666496747,33.6714976213373
7.50089500009916,-47.217970874492
-13.2145981887504,-43.9236103372812
-4.85254070743547,-71.3740452080324
-12.4193575125878,-44.9289557376206
35.1481620992715,18.8910112721991
27.8667953594892,-12.6207366388938
-13.2621129439078,-0.125545636373129
-47.1263258363388,11.5819070653535
-20.2709150039841,6.83976742772807
1.5786543189214,-30.1184762602039
-0.12508169209321,41.3602988368944
2.11259670697164,1.40089040110986
-78.0772496069173,25.4478427071619
31.0366785321255,13.2248200190104
-69.1706977910654,5.96555494892754
70.693989907942,26.065770497188
25.2770569801261,-51.4154685537212
56.7257757705217,45.786552432978
-9.42402632021801,-25.692142941768
43.4439442680854,12.4414685801727
41.0417971159164,31.9116154141514
-67.5662685379578,-9.77805015129677
-16.8331968385084,-34.8159428866981
-36.726814902565,14.7204550263155
33.9948633142815,22.4469028871334
-43.2893190576199,-23.1155651924492
-52.1778337277982,54.500959518598
-13.5376601759406,46.666727694407
-39.6522137484381,26.3113440030142
-28.9116933334962,58.6774891696399
-49.5883643631848,7.34407900726431
26.0543704349364,26.0656047896896
2.01322108358843,-49.201472157384
-4.98680419082929,-67.1998649872631
-68.2508043184014,39.7916204981071
55.5493668476558,-23.9282684910329
59.5267051631055,-53.9152706902785
0.702342072925885,-81.6980237392594
-38.2180649480421,-62.8529137207823
43.8175403144269,43.387500481468
-63.3804010534594,14.2119595574425
35.3020725499151,-6.69268638223494
20.5734257847859,-22.7776598196672
-39.0632589831734,-63.2577331264861
-38.3777746167167,-20.827185684333
-28.0975083111015,27.1472685939996
62.5967974401819,-7.77651984323609
-6.32657929252353,32.0324021867482
-52.7567175897393,54.7686200987354
-22.0017873191675,-13.4232562915148
31.1498111147706,-28.362010094724
-13.4890110150581,-70.6731286757509
8.09692346195893,28.2214983695004
-3.79522554757068,29.6748284862254
-9.0709791828574,-26.4050113944648
-0.207108340103803,71.6245745847238
36.2879757132653,19.6200661113381
-27.3737073519729,-84.2930815041102
-30.2556307229907,-20.4128441102878
-9.59165241601342,-10.023822715395
-26.09127545544,47.7088797829467
38.5694491029188,32.4638958524773
-9.77425425603353,65.6312106563379
-54.6956300332816,28.7146292921493
-29.8248332871551,-48.4675287853228
-45.9572332236007,-24.1061751470698
-32.9241853677706,-62.5604172583713
-77.4154807773076,-5.88310020642092
47.809185311406,-73.7332203154809
68.7677609054188,-18.8790990121641
-43.5711962632308,-36.4302758559173
-31.0946092755803,-48.6426050715455
-46.88520999066,-33.7222409620165
71.2477067636053,27.4138602335237
-21.8374761590057,-13.1713118435339
-12.8354005629469,-50.1476675451009
34.5920455394682,2.59554937620218
34.5700488226657,-0.195313936254252
-47.3586757181946,-21.7936943515281
17.3556082104807,-42.437473475454
-71.3845922195619,-6.26291392454297
30.2199758038879,-70.7995514511745
-27.5997787520409,60.1398131586377
24.2499636673129,62.6328970547828
-24.969293329328,46.378298088293
13.4334679462085,14.6962251629227
-66.6425469918696,-26.1253934355454
3.54463740955909,35.9720764836796
1.92550655572112,2.32854917889645
-38.2852617969162,72.4290523026676
34.2713177506819,42.0429917504538
-9.65124697138775,-26.5218067021764
5.02189976386804,15.0144721374382
1.08215562529947,70.9599859206106
15.0225580453054,39.7835928686689
26.6016459801054,19.8793802252199
-20.7720049587608,80.2594907701093
-63.2648250466891,-26.2892331155684
-2.14869815194332,43.4729737449563
13.47897805273,-15.0529928792959
44.4371372823551,-53.1357797403861
-67.1985439884905,-24.6834300776078
-79.3860680011282,-6.21922264758322
-4.93465788300191,31.2191489491459
0.715755244141634,-31.0359211744615
42.6831226708256,-58.2006448172154
-43.2804452960212,24.5250667436381
-8.77122679739428,-1.36925352583956
43.7777862325022,39.3893283451515
24.7087316716731,85.3151352741289
-13.725298656944,52.5488356248568
70.989226275466,-25.2157443231966
-18.1362801305258,87.179964261367
11.3281307175086,-63.8886912528307
14.5383633518588,39.3562704391705
55.1437770828951,22.6160107571797
2.9372379688578,56.0738912889093
-11.9298197097819,52.2723100004018
-38.5364426026547,-38.3905819910734
-6.94428289639913,-64.8323601452663
-28.9930421312772,47.8836154351564
65.1198663514724,-36.6477996088975
20.4397452226057,29.4162252583112
36.4729177136085,-7.07330281496583
-49.2483663506868,-20.250802969391
19.0897520772272,-42.3355683042859
-36.3082484477251,-5.07669751210998
-19.7857247880078,78.9259145258489
-5.1421039550399,21.8849374407771
13.9975970194229,4.86922135488734
34.209297169491,-10.2390241235804
7.21460427894017,-62.0517806827065
54.770933770499,23.0486341064109
1.27401590902126,-23.0809137231432
-16.1400412242614,9.20966698587025
-38.4165527463543,5.90395382705345
33.4230914308642,62.6173078383089
33.9436931232707,-31.7931220575672
16.1195876364657,-82.081384879945
58.346622904414,-4.36028638531895
-50.2101082063284,4.41439457844472
19.7936084699591,50.7017518075671
20.2035985485379,-23.3525393287712
51.5061513084187,22.7454943758272
70.9328822453888,-18.0762424136325
69.7039174883396,-19.8164729866784
-16.6355742063467,8.54122337267616
-50.0602060297113,6.68563003639792
-36.9403160661516,7.21428074859833
-35.0142157409592,4.16790598199646
26.150512550051,13.8978084940829
-61.0938215926062,-20.6646094946148
-5.42879279341901,22.4992532963652
-34.3654657946833,12.7419459165619
23.4707585339164,-10.1928596612133
-48.9551562725876,4.23647900201023
-31.5603042318606,-9.8663545179324
-12.4975620516341,-85.8112615550448
65.6470488679507,-37.5913168242346
3.75617133779113,-5.70995683046752
-9.59859179791876,-12.4162266300001
-12.7900638764167,38.1667148839735
60.0705572355033,-52.7716097349811
12.1654650693672,22.9518709195841
-11.8775500479794,52.4335569857794
24.6294379128501,-9.21579731903484
-9.3224415511663,-9.19946758143699
-26.6449191561419,44.614371822283
-15.7992082227626,25.5792712618332
-20.275955720203,-47.5457988567534
42.6632119440175,14.7376657063599
-34.3451913989782,-67.0226509722645
-10.0838982859954,65.4269228868765
-76.2739336693537,8.84275376416854
43.9512845666458,37.5756201474777
-12.4934158332625,47.3159026819591
-53.6602554212928,-50.7976234499515
-75.3799721154469,26.4707166840728
17.8485756935637,6.31792972737338
34.9490705500978,-4.83555555794547
65.331176751688,-37.6023576076965
-36.286735650852,-61.2640033270458
-24.4387989820495,-26.7526187180905
-67.6025477642246,-24.7269502546322
31.0545464527061,45.4838266156025
-12.2208422897355,64.5383071029719
11.2508437184785,79.4598336667653
-69.0305557417203,-6.1608997249963
24.4535089518485,84.6609914672136
11.3946199745395,77.8408123136131
-13.1084395364393,-84.9038469104922
-13.418462389032,48.683879822869
-3.3042692782007,-27.183635900833
-33.4257833765628,3.53144123896847
-2.49724126815621,48.507548218274
6.67730360208718,-47.7251430842532
-0.130102699960931,-24.1818974571655
1.204762061282,70.8177502516647
44.743554082342,20.4876600342854
-32.8799119168957,-19.6109239516236
-14.1960408700211,-2.80488886455321
65.6980478718025,11.526167117518
24.8693693450111,84.9880795115083
-18.9342661672532,6.57417518206439
-67.94946552244,-7.29625203442258
-1.11227386233032,-48.5691879681476
-28.7755812541092,12.5416153013611
-15.0905526655408,24.0890397478847
-16.4132548556054,-9.68817013661526
-9.68109290859577,-10.6703912833831
-8.33661819212902,-9.28968008622701
11.3549598177865,27.1366469029483
20.2435177465667,-21.9922135400817
17.6396584850959,25.5291644460562
-34.4652486808996,14.9896538679867
11.3227302662913,-11.7326153207487
-17.6168003565419,-39.7800092807543
-52.6107405208842,55.8864531788394
-40.3040532912393,-37.6237965820406
-14.0595815329321,-15.0064390157275
53.9502952117124,50.3306116467433
27.1172706926732,-36.7396948311994
31.2495114743809,40.8031473444875
69.8959475404193,-22.0549742378464
35.2443886128943,70.4088940967354
63.6618073373927,-6.46652537501195
11.680730191986,25.2020104839241
49.1524524313406,26.1494821880294
20.9189898512273,-22.2435452945775
6.35370609783181,35.3146025139004
30.8558697419218,2.69579395182915
23.6529831095848,-9.63052968834115
-53.5637878889577,27.6391895320115
-59.4193450099427,-19.4146581249806
-20.8814480941059,-2.90060476530171
-65.0655365132461,-24.6468295958926
59.6914328124149,39.5822196514893
23.6445818836052,-6.30603600753301
-31.2718150495399,-61.8390679603267
36.266468808839,3.09031965604741
-5.94778643461868,-47.3845932386266
-25.882840258521,44.4677475945372
1.21536576012886,45.1646046865634
-19.3460236461314,11.6921996427258
23.1253638278044,63.3985976754741
-25.2643446742023,10.9237500083743
-47.986601199821,-3.56855173349497
16.3268727273739,-82.9020785163976
80.0819964314946,7.58341560818968
30.8610131741908,33.006569746507
70.361824951481,-21.8404320099959
-4.76914122781134,-1.05671074735951
64.0004973764038,-2.10016848192479
32.7657862879262,49.3958808339156
-22.5679254637133,-9.11811587434713
-67.6569670622982,-24.4674894589228
42.0274231449193,58.2881650178076
18.4834001796307,-63.6415675992071
34.3296295213129,61.8652354138052
-35.9027687823758,72.9315093646884
-27.8516114473952,-22.1870514951079
-12.4362952292631,-23.0330641378577
58.1674497896829,37.9193967434769
-43.8376357291675,-23.8664019177978
-38.6287292339399,5.10742922833429
-25.2564643687927,46.6708457566707
-22.8240069488854,-15.0137545936327
-78.6978221829321,-4.69298814313183
-28.4933627682374,-82.8562448773652
-68.2728681951719,37.1730512965489
12.8831837221699,-31.9920844645356
10.3756063688028,-31.3774089602561
-22.6865652700989,-27.4824857693257
-23.1873691643161,6.57274811838371
40.6019509074606,2.39315586108146
-38.7893157964835,-63.2802251837847
21.322436433981,30.2348552171668
18.6038115315578,-41.7855273969388
-44.2922052031111,-35.6194972870508
49.6420491894661,-14.2095357905531
34.6434967844767,-9.24370847208177
3.74347992880445,55.6333516800203
10.2574769915562,-19.2313405426159
-76.8176269837854,25.5065328115275
5.0216234214048,-4.28145694221013
-19.7653165071439,13.3864021328741
-68.6979657549341,5.05747493891066
-10.7887692443858,79.9019751872205
-31.9915829485729,-61.247042066762
-31.7773015572995,-62.2469755583063
20.541124987876,49.1084989395734
-67.9587041785054,-6.42658156532979
-30.5549073006894,-49.626348304406
54.656445038532,-23.6450405009964
-18.5374266305255,-44.8629167518843
7.97620531350394,36.1882271471953
-31.1711650350874,-62.3694418138393
-77.6085473901384,7.52029059889031
-30.4830587787709,-63.1178849987383
-36.5567951985202,-17.4335075030682
-15.1773705329125,8.29330441148535
19.3327019248139,-21.5809003562163
37.2922000592761,-23.6630637161073
26.8822666688772,20.8378419153327
-0.269056340572731,71.0779552682536
30.3455462814391,20.5033132073886
62.2341896076721,-7.40557076439979
-73.0411325669804,24.5574485573315
9.03893471643343,-46.8257649723512
-47.1080512262095,11.6354316936922
10.6191508927906,-20.1581061191542
11.8797370723806,-32.1852780981716
-56.2198763988998,-53.3228107086991
32.1935644071966,43.8474309621619
-28.7826151844929,58.4206259518763
-76.6739146742181,26.1333862746575
57.6441890220372,46.0512733264113
-9.04242915286842,-11.3605315888694
44.3994006764994,29.0540402855197
28.192697605667,1.05126454748781
-27.2272455525772,-23.2916358579567
24.5574525832182,85.3527463163224
32.4605976504567,62.5468098547072
-47.4115298078714,-22.9137739196085
24.8793150025689,-14.7958511045081
50.85515301209,22.1276428706474
79.8618994336387,4.81568162073101
42.953567586372,-58.7027581543632
70.8814850623916,27.1233025929697
-6.01178724282291,39.7970918887463
-18.7886911361527,13.519083013297
-47.8957635703141,-6.55463363808192
1.17184199821315,-27.8460489366285
-17.9367683407112,-40.0862311055899
-0.665780042472841,-28.3654438550842
10.7202270091466,6.14653542927423
42.0621403818077,-56.2115128548364
-55.9525678522063,57.553123573502
-35.6487957404425,-36.9297571678792
-46.5947335670153,-14.345912552574
46.8764857247074,-53.1182387748919
32.8734455947819,22.9693929323233
43.259534758036,41.7038278946614
-10.9173007960974,65.1485348496764
54.7616119447188,45.7667269352261
-30.8989330905162,8.13898149511132
22.0634415632607,18.6992099180573
-7.80050967878423,-0.672233210227346
-7.88587468382272,-1.78579877274274
26.8662898633455,-3.1154961181879
1.28942056450411,44.9944725645616
10.8338654632611,62.4711929881921
-42.5734953135349,-15.4672074274843
-43.9653008543897,42.3971949967698
89.4502513937934,16.1282327855012
6.46707881963946,-49.0228354227839
-31.0616949642334,4.73192115313151
-32.7365906380659,-27.9446258166498
27.075437446621,6.45436991498038
8.12474590405628,6.36183158301986
59.419240675225,-54.3936095759598
19.3145313373501,-42.1849633932834
-30.9517855126879,-19.9932541363009
27.6643043333965,62.7582249285092
-52.7225536284443,55.4573344296288
32.7930729661859,43.2148900421576
-36.5234944627945,71.7638639518966
-12.5198796772155,52.8364717193282
30.9924496627766,29.1843125228603
45.7833434342222,21.5166601367453
-34.0127488160826,73.4144385299134
45.5634748726605,-52.2413575164574
22.7907113270077,17.9603017093901
-20.0857417227839,14.9065781086883
-25.6899643885283,12.3603370280556
-26.6654734719294,43.5364273896262
-34.0228677202945,72.0729718054642
12.37172615605,-32.6127138260991
25.0081928073693,24.6179425997529
0.745938176939984,-11.0279662222211
-5.73967486899859,-70.7181791305146
20.0005165892273,50.2208040770881
-14.4141884554892,35.3371331565416
25.7040345419509,-8.37879352779972
-55.2658359531424,28.1845047927295
1.03190533741573,-83.0534016539955
62.5824498616096,-56.9843992972222
-13.5379839589678,-3.16938332963499
-21.3461407304453,15.4460360786978
-20.6866178541425,10.3310172822634
30.4324396630259,-29.2442929464992
19.2240976835428,-63.5604345714762
-49.3642738848538,-4.50061054498401
46.9751798860981,27.2895016254154
65.5162694996091,-37.6594779302107
-47.1564557989322,-4.2962902300542
8.11957469681717,-4.81085793937096
-26.6150898881466,47.4965080408007
63.4384049529551,-57.1321649164769
-47.8400854105834,-15.1384295846717
32.7159053006245,62.6608115306582
-9.84857496161285,81.1858026979396
-9.73962677706423,-10.8517172730736
11.1434954994129,-19.8793145035996
-48.1960107294946,-5.06265778964133
-12.6685127546585,-86.1589272206845
-20.2409813058264,11.9453843571015
10.6183724994194,-13.0566895414779
60.1216527071401,37.1638532570853
5.51298688675501,57.4795307787187
-32.5146532511365,15.3963132296777
88.1141083331788,14.8894634507841
8.03440345521404,43.4855868848566
-11.0198740702262,-12.3836930537963
-10.225179928902,-13.2118742545158
35.6784815893597,21.5185350996996
-0.541816871700647,-22.665871881603
-1.7027605151637,-26.6870059816264
16.9137600402672,-83.5644693018403
-39.3749911900557,36.9682835802673
46.2297068077518,21.5297831624577
-63.9810626921997,7.57132159403285
-37.1587483527792,12.2862406810863
88.0581049823734,16.3864450085067
-18.6048988583964,6.23017446788572
26.9761518478953,5.84375787405738
3.27188353543232,-3.2850820310375
-27.7898477761574,-21.3574235184505
36.300453391797,-42.0496113102003
34.8584073806594,70.4027595663506
34.3144493260614,3.59315543947731
-37.7433520617145,-63.541466342858
-61.8310883045677,13.0333755789431
-45.0145776727763,-13.7794321878114
-63.3373437737408,13.2113828935225
-35.9978776647956,-37.0588850033647
-66.6521478014496,-25.1195463843613
-18.9344062008127,-18.7325087820199
-77.4115357538321,26.274251720328
-64.6622854273746,-25.6746738345231
10.5861831242108,-12.9429627688992
-31.6121779195108,-62.5055172374135
-2.91271208559324,12.5492943338758
5.48690879330859,14.9885521708984
14.5755588603183,42.9622397833885
36.0529720098005,-32.3845281064725
56.5304530717153,47.7060582882976
-37.1644804654435,-59.8094916457262
-68.1760584371789,-7.8071537022919
36.4376752765297,-8.13287422743648
-19.1391766003431,9.7757122842717
-31.7422603183703,33.5127339226973
36.4792734081635,-39.7261001530638
14.4754412673338,-20.2502845922859
-22.1652154897699,5.48214879293839
-37.6688565439854,-38.3618652355482
28.9012003221086,15.2371875188349
8.15144372087298,44.0830439677165
-32.7937938285899,-61.5171744900011
72.439089301283,-24.286484706731
-15.0410286772181,-71.9034590471155
-66.1792207662497,-24.5654716655043
12.4389600856029,-31.6291058238315
-12.3099706808304,-50.2540752593146
-42.0634177356027,24.1618430209292
-5.48660716763798,-70.5891160923707
6.0627788327922,6.02687346165987
-14.1649218856713,-15.8001688136653
10.6337606282904,-20.0153855834457
20.3326929166545,-22.3542875896528
-20.0511304461957,7.15908821358717
-15.7491559734228,-71.5255522557716
44.8009239715329,42.8992669004875
-27.0759378765338,58.8342434230544
-17.0178393375227,86.6180741216163
55.6393989241164,-24.0757398772281
7.1892511341522,-48.7560707043667
-68.9266820520478,-10.2325993315561
35.2552994955606,-42.3149043184979
41.7202094286618,-26.840568278612
-21.3769398419812,8.57900740943615
41.9846040145818,1.05188700193158
-78.7097726340339,-8.44715304174257
-30.8576230643463,-9.32996555321167
41.2342186554455,58.4890140771222
-19.2994691843166,81.8557384486285
31.0946974987397,-29.451786548518
-44.2221006787382,-36.7752846313832
-31.0244977970166,-49.8536982595963
-9.84876316732263,-17.6523165418913
64.7377944180846,-1.58328502777812
-66.3932359912652,-30.1471765249134
-5.32194074313328,-34.3098997985418
-26.1547073451758,42.4422351249191
43.9156833913205,59.3141311396811
26.4831898832149,-54.1131836700578
8.28440615937391,18.6035671282434
-18.6946762235789,11.9749587455464
71.6285615316922,27.7207591167746
-35.5043240339902,3.19950879385874
12.94258394325,-18.2501810623627
-11.2355535465041,80.3659542772402
-8.62169955997861,-13.4117754671191
11.1853127890443,-65.4286967648064
-12.0253464624074,-49.1878320931017
-11.7905209567839,-21.4008197970791
3.42755546656572,56.401282151666
1.82708373798817,-15.60952031596
-15.6232838960226,34.7103892128276
-13.3380888449034,-26.4733648721281
-11.6125048604098,-4.81525686274914
-27.9697559246662,13.455693603182
-19.6621427019431,14.6768570861068
2.55369026267896,8.56263035067532
30.0954510506569,1.31637518357062
1.07819798096361,70.7366310891721
-5.77631159129207,-32.4678926069853
-12.4071810186314,-86.3509759491769
13.1718555398075,27.2378494631497
24.4750181489227,86.4681258725073
-35.6580125583834,15.6223415456604
-18.0841740374136,-38.6319882176094
31.6672845595086,2.93254637787705
27.12726784075,31.9142893319456
-3.60217432196788,-25.582378569929
6.55944639032314,27.3621089653387
11.6888009273081,79.0589702121175
21.4231166001774,30.2290925403096
-60.6990580968351,-26.8641894216153
14.2041573907386,42.6587720729859
-27.7154453200105,12.8845147027616
7.46024754661706,-47.5951553768105
-62.6362232755789,-34.202684289794
40.1644373723045,11.6898675084235
87.711733890633,15.6742018942571
3.56309600702471,-6.11672051900801
-12.0327771321187,-50.0712926855028
4.17359444651428,35.3440443814627
-31.1816998882239,-49.1378953940288
1.19289959635039,-83.0009730110718
-14.7763812968354,-22.6455694360862
-2.66324438902022,24.1124974400998
25.0628926901147,12.8190539826849
-29.0281343254554,-48.5653045604855
-31.5556074016599,-33.7484031345488
16.3973326578039,-82.7069811455367
60.2315192813805,-8.53783955275081
20.2251205175894,49.1839341255128
31.5037804739838,0.950561941710343
-13.6665935631185,52.1124059356008
-47.0624185512363,-14.5296057201614
88.0213187659517,15.1708815411236
1.89713795797615,-10.8077424256627
49.9196252161887,22.6941318689624
-11.4069900714523,37.0827442943058
21.8104268785321,36.3206416861696
-10.183165519454,-26.1551970440691
-67.1115776058186,-25.1395592342164
-36.0626503135376,71.3189938294863
-13.899118780018,37.7603665026299
-31.0714452701708,-63.7511726925952
-47.8088735812284,-14.2483716300547
73.8582020957416,-25.3150046784369
27.2229765219155,-36.0644510725918
18.4817447787052,-24.221898282939
22.4230164945683,-57.073157348002
46.1310297744362,22.6960774257488
20.2163918767158,50.0719592511489
-13.1116686634661,52.970526502574
-39.146682002079,4.51104737236343
88.4109357161912,16.3275369863291
-54.4021502842133,55.3193124467784
-28.6997464202327,58.163892390443
-3.34361478689662,11.1937918082608
-34.5081307891891,12.2984644027057
-10.2632706797383,-44.2666175160947
11.5363221671353,-4.76647709352208
-28.787020094019,-3.85482140524644
-31.6045560568163,-33.078002910612
26.5930182483728,-46.9750576015061
26.699679359318,-4.39563944675378
-45.8850079020077,5.64234411735221
11.0629388490092,79.5627556149222
43.2948384028706,29.2339100398941
-39.2768836414542,-36.8569434456555
-34.8289424762668,-5.72278735011081
-1.62272346104841,9.73366415921878
-19.7201799832951,79.2979919967145
-0.911964891670525,10.2842235360039
-13.5044232075724,-86.3786993862904
9.0289158433689,-42.3928180728664
18.0715435158123,-88.2841672562888
11.9887306097272,77.9013245278828
19.5271507139029,51.0806092677473
17.1074228917903,-87.208576362418
-32.3514678704118,5.55473332695154
-3.92253927340149,22.3212488267069
-27.5440188215237,11.2568999861659
-14.6178978871036,34.7003300070142
-1.65636773435162,26.9528439985051
-67.7819847770262,37.9108168805466
68.90779441892,-19.7883867578999
21.9813701073596,-55.8814266487251
-9.40888190137629,-17.9158858548365
-12.9312204837707,-85.2127423903155
-65.5022148203377,-30.3533955526883
23.5352679765894,24.1201268350791
-36.6779498526091,-60.9354250386646
33.7345188578918,70.9981778828122
-0.394030466830272,-27.9959144968034
-30.994712023188,4.9885596961922
19.6604965721881,4.99910375588003
18.1851102128774,-86.8930624825417
11.1907287567757,-64.5604947432823
48.2736686253155,-53.3228821883624
1.32160064859423,-28.3164006407285
25.9331176769606,21.0446579402123
2.09236035935737,-11.4556016693106
72.4939092946521,-22.6547754362133
41.8949508590043,31.5183890893581
-68.9459385854036,38.4392725755913
-22.8673733179162,-13.2866249156455
7.69772549686991,7.66138432931187
17.8759903545658,18.0184666603782
42.9224859735268,60.2189285996773
-16.4680309956474,-17.6091030887199
-10.97929998881,-24.9973973158634
71.5812609666345,28.02663061092
11.4950533734696,80.7100984941046
54.0616771609351,49.7389185389654
11.1331947955595,22.5318067941275
-49.5737356388919,5.45730638370455
19.0770102453992,-24.6522657691936
-26.8645475006744,42.1619583823012
-27.0378717910641,60.3251922341949
-0.292196210419952,-35.0297772670278
1.52906041584933,44.8861987964259
71.6350644335998,-21.6027368513728
8.18161465460053,-42.5004193133842
19.7096846988982,-63.7680183315874
54.2812031796761,20.9571260973289
-32.0656663136354,-34.3670018453873
-37.9177527355348,5.3402756602901
-15.9433887552806,4.5061592916048
30.7628572205572,20.3925424257664
31.3566729760287,21.3721839213104
-11.9539578676945,-86.6819457865208
2.0544947478849,44.5588554055303
0.926047478616337,72.4336997114062
-15.5339509866271,-8.06503815767522
-19.7948119340651,-19.3735433831866
22.767478334107,35.9347656589191
21.1848894412229,37.6261539201748
54.8312771021645,31.1721592115032
26.5652894693838,63.5481096437189
-13.1153918975882,53.7288567196838
-0.41055483346511,70.5753299603831
-10.1721958969847,-0.445135847867147
0.953970091948278,0.667024823420237
89.2354247705886,16.192947701603
-52.2777163544612,55.728784764944
18.6260008539599,25.5098086627676
-7.51369870421723,-67.3892193305884
-13.433730691321,52.7445442066608
54.9108124918984,50.0427721416786
-18.0432028564212,-53.7991122945884
-68.4266548998577,38.4262125300638
-19.4578265133279,-47.1003907664514
2.24190854680997,10.4100637613495
19.6164906864765,24.7870451425766
-28.5879955448913,58.2466848733993
42.2392152754996,58.0670442123231
-14.4918349377872,-16.438707247431
-61.4629946449784,-26.5897864856515
-11.1813000878031,65.7894713407075
1.51201336862815,2.02935364009576
21.5617434162112,37.7077273243259
4.18852341481747,-43.0691555656409
4.93927090502337,5.08541014181983
-26.0559120833447,59.4143384678308
-13.2055113387206,-54.2894305246624
2.25266869940398,-14.9872966157474
17.4554410339261,-88.1458050632588
7.07032854411246,-47.1799190435886
3.74256530568132,4.99875267449799
71.5262463438139,27.5931021844161
11.6708310666149,25.6109201780271
70.2589596033096,27.253353740733
-7.5395789621682,-7.12128503183637
-43.3368254303054,6.76770559182201
-67.6707861711684,38.46136931823
1.9422458118723,7.55206444096748
7.18320245279008,18.2493793949297
-46.0364126422308,8.69512257739325
19.9934100572639,6.48755756679885
42.0723761904388,1.17882178750221
61.1025161257395,-8.79294326502472
32.3459680439414,14.334493194072
-35.7186189055405,4.2566939844439
0.128106190343339,-30.7988789245317
44.8871838763319,-53.4192721614777
-12.8609994166875,-20.4978455947972
-12.0039192704,37.6912685180812
-31.6890661668043,-20.8188272737591
1.98974667162992,7.93737506909976
0.892502425549865,-12.1086491447033
-23.0352749618529,7.88935149475327
16.0403623336289,41.0668042070107
-18.2648213707897,-19.0061528638084
-24.1058216905627,34.0278315759038
-11.0900135656495,-12.6792182189871
20.6277885770494,-56.7929134088564
27.192103838883,62.8011821827042
-8.08842810354142,-49.0777614631355
21.1191233940261,7.99539422421484
71.405055588898,-22.2884778958701
-45.5656616719732,-35.9117104008427
11.8949337930027,-47.8453470082846
-35.0811315545302,54.4886066389488
-41.4500953889242,24.9664608025122
-45.9820146352718,38.3356579744393
37.7001324705485,-40.649238696612
-16.4508437267516,-33.4479454164734
21.6701169959148,-4.98802795497468
39.2306320712949,12.9265443976443
-19.8057591776398,-49.6166426115164
-7.77934603251416,-14.2301598344149
23.70710283508,-53.0081334793405
43.607842175892,59.3220682631528
15.7782839752167,-43.3043173685152
15.0201274449146,43.6047918597312
63.21037660022,-2.45086824690172
1.61713320738262,-81.5213521011361
-77.5333948416647,7.91866608391495
56.466256900224,-24.4699425757751
23.9855645847397,84.1718369884981
17.655847394378,-88.497859389958
72.4743297515868,26.9459449260679
26.401614509327,-7.69779510974586
42.3823314686534,-26.0049137603065
34.3184395040916,-28.0720107726118
60.8387676374271,-53.7948548920848
-34.5071328656019,-68.4535479709464
-12.388939136665,-44.2036448889369
49.3912732227259,-37.1900281539651
49.9880738266421,-36.1103876847757
-50.0314656688826,49.7367109677161
-0.803639177970067,10.7288673192025
-76.1161715386695,26.4229023218886
17.1226232215523,-84.2795377944061
-71.1384789998464,14.3725177477035
3.29679195355014,-50.0090673378303
-46.4868304148631,-15.8817589029485
63.0794413446795,-58.3620119441822
43.6988928685364,27.5802527638096
4.48567416923561,37.4846324037931
33.7852872981419,15.4232515789225
-16.3186563542125,22.3952481341106
56.5772748314603,49.2484132290157
-34.9619662381486,71.9051191509363
-45.6967590345394,37.3394832401628
-25.2609705142275,9.44889206977345
45.1707480267718,36.7021292920266
-33.4909576119176,54.4761665530005
46.2825436278058,-16.1528558313074
-2.75662281577847,-26.7422669536557
17.154916084973,-83.6986645810328
34.9393196139891,-42.7009424383686
-62.0196276409159,13.2495529557175
-42.8225791405962,7.40224964449757
-29.4119815647552,-2.29509152727739
-35.1940861865653,54.7282788320691
48.3511858573688,-38.3718425318169
-35.921889351081,55.605537516861
26.4055886404738,-52.9989432816676
-16.2621168347367,-17.1012888099494
60.2972178143792,37.866621025133
53.959009726634,46.4107278805498
11.5970520069141,61.0326759775078
75.8677416157387,-6.74593769791885
5.25212362856633,34.543484862546
36.3244315047653,15.3433857085456
11.7959241683138,58.9405855106303
-44.0157270783016,-28.7956936502571
-60.9406159905152,-21.7928972626166
57.1269186990189,-6.0223224481494
-4.36843461344849,-71.8172588840428
-7.36968471398132,-48.6932098644328
10.3914865107762,80.1137966027966
2.93104226348496,20.1565962154775
-18.9696852819815,14.884078920463
-15.3774895796021,26.8071210732473
5.75342526607896,6.49008533650747
-55.2120142096048,45.8389368598325
-35.9735300763588,-5.06997662356601
34.3120961831062,-27.732400752935
56.3968859713585,-23.1487075555804
47.5778505911797,-73.8356006634513
-29.7095093041209,6.26429874499136
-41.3483301065561,38.3504352496638
-35.0635296732653,-6.11976150368038
-53.3826550312108,17.8433750136986
17.6853378743713,-84.3664154970342
-53.2795450149234,-51.7692942835024
-70.2995947493154,14.5035818636204
-50.3283082466054,49.3829282155041
-52.6332740779101,54.7129426691088
-25.6721825269062,27.689170267726
10.8752044551224,-30.5537347256255
18.6083234214105,-44.1697123867842
-8.82326309911393,60.5386722103641
-43.372354371902,-36.8760917490099
23.0539263470855,-6.12978816116481
9.8965311912836,59.5368375855601
57.6910986172827,42.8617945244609
79.4978558382421,4.96373507681047
12.9346715693785,8.41168257708958
18.8836125707292,-84.8425104033693
11.7544121256121,-32.2322422081016
1.44789549984135,-13.7006658391108
38.4642604665118,31.949845900276
70.7315644071903,27.7876939184974
37.867507414715,-23.7749244763551
12.9699860469936,-33.3964583654239
-49.1143402251714,-19.1174899494559
-52.0395040975881,-52.9727534374134
-16.4363391899364,87.0655322126171
-31.5530426052357,-35.6023449548673
-3.49176261640356,23.2146106671979
42.3001241883634,14.4034395195407
-17.2218306688222,-20.7045325227792
56.9558228196231,-22.6506236522389
